iso3,Country,Economic Region,Risk Level,2020,Exposure,Vulnerability,Susceptibility,Lack of Coping Capacities,Lack of Adaptive Capacities,2019,2018,2017,2016,EPI.new,HLT.new,AIR.new,H2O.new,HMT.new,WMG.new,ECO.new,BDH.new,ECS.new,FSH.new,CCH.new,APE.new,AGR.new,WRS.new,Economic Development Status,GDP,Population
AFG,Afghanistan,Southern Asia,High,8.69,12.99,66.93,49.1,59.61,92.09,9.21,10.45,9.69,9.5,25.5,20.0,17.7,28.0,0.0,0.0,29.2,21.9,93.6,,22.2,0.0,51.0,0.0,Emerging Market and Developing Economy,1961.1,38.055
AGO,Angola,Sub-Saharan Africa,High,10.4,15.74,66.1,53.29,58.21,86.8,10.56,10.31,6.57,6.52,29.7,20.4,26.8,12.8,37.3,0.0,35.9,39.3,33.7,14.7,49.0,2.6,29.3,0.0,Emerging Market and Developing Economy,6602.07,31.031
ALB,Albania,Eastern Europe,High,8.46,20.14,42.0,20.03,30.97,74.99,8.18,9.22,9.93,9.5,49.0,44.5,41.2,54.0,46.1,0.0,52.0,68.2,43.2,8.9,56.8,100.0,37.6,2.7,Emerging Market and Developing Economy,12915.12,2.865
ARE,United Arab Emirates,Greater Middle East,Low,3.3,10.99,30.01,9.55,25.86,54.61,3.66,2.99,1.98,1.97,55.6,55.2,48.6,67.2,54.3,26.8,55.9,80.9,100.0,14.5,38.9,83.4,13.7,76.8,Emerging Market and Developing Economy,55312.9,11.077
ARG,Argentina,Latin America & Caribbean,Low,3.5,9.55,36.7,20.78,30.41,58.91,3.53,3.32,3.69,3.56,52.2,60.2,56.9,64.7,73.1,44.6,46.8,49.1,29.4,3.2,60.2,59.3,78.4,5.9,Emerging Market and Developing Economy,19271.09,45.388
ARM,Armenia,Former Soviet States,Medium,5.73,14.55,39.37,20.21,28.67,69.22,5.72,6.06,6.49,6.07,52.3,43.5,36.3,57.2,50.8,0.0,58.1,79.2,81.5,,46.7,46.8,57.6,8.8,Emerging Market and Developing Economy,12994.72,2.97
AUS,Australia,Global West,Low,4.54,18.08,25.1,15.61,16.17,43.53,4.49,4.41,4.24,4.22,74.9,91.6,98.2,87.0,77.2,77.3,63.8,83.7,27.9,3.4,70.4,90.3,49.2,92.7,Advanced Economy,48102.65,25.724
AUT,Austria,Global West,Very Low,3.06,13.19,23.18,14.08,15.35,40.1,2.87,2.92,3.63,3.39,79.6,88.0,81.3,94.7,91.7,97.2,74.0,85.5,35.6,,71.3,100.0,68.0,94.0,Advanced Economy,52418.01,8.901
AZE,Azerbaijan,Former Soviet States,Medium,5.72,14.31,39.98,17.8,30.71,71.43,5.73,5.46,5.99,5.54,46.5,32.7,24.9,45.5,41.0,0.0,55.7,56.9,80.5,,48.6,100.0,64.3,3.8,Emerging Market and Developing Economy,13717.09,10.101
BDI,Burundi,Sub-Saharan Africa,High,10.34,14.74,70.14,62.2,57.53,90.68,10.29,8.99,10.48,10.28,27.0,21.9,36.0,5.3,35.8,0.0,30.5,52.3,34.7,,16.8,45.7,37.0,0.0,Emerging Market and Developing Economy,740.323,11.875
BEL,Belgium,Global West,Very Low,2.66,11.38,23.37,14.79,14.59,40.74,2.79,2.77,3.33,3.07,73.3,86.0,80.7,93.6,67.4,97.6,64.8,87.4,32.5,9.0,70.2,100.0,47.3,67.9,Advanced Economy,47411.52,11.49
BEN,Benin,Sub-Saharan Africa,Very High,11.46,17.5,65.48,55.2,60.03,81.2,12.33,11.04,11.39,11.39,30.0,20.3,25.6,13.4,36.8,5.8,36.4,67.0,24.4,11.7,30.7,33.4,42.7,0.0,Emerging Market and Developing Economy,3257.6,12.147
BFA,Burkina Faso,Sub-Saharan Africa,Very High,11.19,16.54,67.67,57.63,61.16,84.22,11.14,9.82,9.62,9.54,38.3,19.6,28.9,7.7,29.7,10.2,50.9,77.8,95.5,,31.9,40.6,39.7,0.0,Emerging Market and Developing Economy,2084.02,20.917
BGD,Bangladesh,Southern Asia,Very High,16.4,28.28,57.98,33.21,54.91,85.81,18.78,17.38,19.57,19.17,29.0,22.4,20.2,27.3,23.2,5.0,33.5,46.8,22.8,19.6,35.6,15.3,49.9,0.0,Emerging Market and Developing Economy,4861.45,168.312
BGR,Bulgaria,Eastern Europe,Low,4.17,11.88,35.12,21.18,24.81,59.38,4.08,4.09,4.34,4.22,57.0,50.3,33.0,68.3,45.8,83.6,61.5,77.7,41.4,12.9,69.5,100.0,63.6,13.9,Emerging Market and Developing Economy,22460.68,6.912
BHR,Bahrain,Greater Middle East,Very Low,2.91,7.33,39.64,15.57,27.36,76.0,2.89,2.73,1.77,1.69,51.0,49.2,41.2,56.6,58.7,60.4,52.2,18.9,100.0,0.0,67.1,93.1,33.2,86.9,Emerging Market and Developing Economy,46411.78,1.513
BHS,Bahamas,Latin America & Caribbean,Low,4.38,11.77,37.25,18.24,35.07,58.45,4.31,4.34,4.14,4.14,43.5,53.1,55.6,55.0,67.1,0.0,37.0,78.8,31.6,9.9,28.7,18.0,14.0,1.4,Emerging Market and Developing Economy,31984.26,0.385
BIH,Bosnia and Herzegovina,Eastern Europe,Low,4.8,11.18,42.95,18.65,35.95,74.24,4.71,4.67,6.31,6.1,45.4,43.9,31.6,61.4,42.9,27.9,46.4,32.9,53.4,,57.5,78.1,25.1,1.1,Emerging Market and Developing Economy,14091.34,3.279
BLR,Belarus,Former Soviet States,Very Low,2.67,7.96,33.5,16.49,25.33,58.67,2.59,2.77,3.19,3.11,53.0,55.9,49.9,60.5,57.7,77.5,51.1,61.2,27.9,,53.1,80.4,45.9,7.2,Emerging Market and Developing Economy,18693.05,9.408
BLZ,Belize,Latin America & Caribbean,High,7.95,16.82,47.24,27.94,40.26,73.53,8.02,7.73,6.6,6.55,41.9,40.3,39.4,42.6,54.5,17.0,43.0,87.9,23.5,19.8,37.7,11.4,19.9,0.6,Emerging Market and Developing Economy,5387.97,0.417
BOL,Plurinational State of Bolivia,Latin America & Caribbean,Low,4.78,9.56,50.01,32.36,37.71,79.97,4.91,4.58,4.93,4.58,44.3,35.9,32.4,40.0,43.7,31.1,49.8,83.6,30.0,,40.0,26.4,68.9,3.5,Emerging Market and Developing Economy,7892.34,11.722
BRA,Brazil,Latin America & Caribbean,Low,4.91,11.33,43.33,22.57,31.14,76.28,4.79,4.25,4.23,4.09,51.2,49.7,50.0,46.1,58.9,65.8,52.2,78.1,27.9,8.3,51.7,54.0,65.0,49.3,Emerging Market and Developing Economy,13777.45,211.422
BRB,Barbados,Latin America & Caribbean,Very Low,1.39,3.66,37.94,20.56,32.65,60.62,1.35,1.4,1.21,1.32,45.6,60.7,66.0,51.9,70.4,67.2,35.6,12.6,37.1,18.4,59.1,53.3,11.9,1.1,Emerging Market and Developing Economy,13782.52,0.288
BRN,Brunei Darussalam,Asia-Pacific,Very High,22.3,57.61,38.7,14.75,33.35,67.99,21.68,18.82,16.22,17.0,54.8,74.0,68.4,85.6,68.4,42.5,42.0,59.2,34.4,9.3,50.9,41.8,0.0,6.0,Emerging Market and Developing Economy,58482.21,0.461
BTN,Bhutan,Southern Asia,Very Low,2.97,6.27,47.4,24.17,45.2,72.82,3.31,7.56,7.84,7.51,39.3,29.8,24.4,31.2,43.3,59.7,45.7,87.2,60.2,,24.7,18.2,50.2,0.0,Emerging Market and Developing Economy,11407.29,0.754
BWA,Botswana,Sub-Saharan Africa,Low,4.2,8.82,47.59,31.46,39.35,71.97,4.28,4.94,5.32,5.14,40.4,20.2,19.7,20.8,39.8,0.7,53.8,91.6,66.1,,37.9,70.0,4.8,1.0,Emerging Market and Developing Economy,15281.53,2.42
CAF,Central African Republic,Sub-Saharan Africa,High,7.79,10.2,76.34,70.83,67.32,90.88,7.75,6.44,6.81,7.03,36.9,12.2,22.0,0.0,24.0,0.0,53.5,84.7,50.7,,45.4,51.8,21.9,0.0,Emerging Market and Developing Economy,919.668,4.83
CAN,Canada,Global West,Very Low,2.79,10.36,26.89,15.17,18.77,46.73,3.03,2.63,3.13,3.01,71.0,91.7,94.8,88.0,96.6,84.7,57.3,60.5,30.1,11.0,65.7,100.0,67.3,67.4,Major Advanced Economy,45003.36,38.029
CHE,Switzerland,Global West,Very Low,2.15,9.01,23.9,13.91,19.32,38.46,2.05,2.23,2.5,2.37,81.5,95.0,90.6,100.0,95.0,99.0,72.5,63.0,46.4,,81.6,100.0,47.6,96.7,Advanced Economy,64654.1,8.647
CHL,Chile,Latin America & Caribbean,Very High,12.05,33.41,36.07,17.83,28.02,62.35,12.45,11.15,11.74,11.65,55.3,63.4,56.1,68.1,97.8,65.7,49.8,65.3,27.5,16.6,54.3,34.6,40.2,71.9,Emerging Market and Developing Economy,22190.01,19.458
CHN,China,Asia-Pacific,Medium,5.84,14.3,40.85,20.98,29.5,72.07,5.84,5.8,6.81,6.39,37.3,41.8,27.1,59.4,37.6,51.8,34.4,19.0,34.3,18.0,46.3,58.6,49.5,9.4,Emerging Market and Developing Economy,16277.74,1404.33
CMR,Cameroon,Sub-Saharan Africa,Very High,12.97,20.34,63.79,47.71,54.97,88.7,12.87,11.81,11.19,10.91,33.6,13.6,16.4,7.7,36.1,10.2,46.9,48.6,31.5,10.5,66.4,39.8,40.4,0.0,Emerging Market and Developing Economy,3509.73,26.144
COG,Republic of Congo,Sub-Saharan Africa,Medium,6.81,10.65,63.91,53.92,49.24,88.58,7.05,6.52,7.4,7.19,30.8,18.1,20.0,14.6,45.1,0.0,39.2,71.7,35.8,11.4,37.1,0.0,34.3,0.3,Emerging Market and Developing Economy,4004.68,4.682
COL,Colombia,Latin America & Caribbean,Medium,6.65,14.65,45.38,22.73,35.97,77.45,6.59,6.42,6.76,6.45,52.9,55.0,49.1,55.8,61.9,100.0,51.6,76.8,36.4,15.8,55.4,52.5,22.3,25.6,Emerging Market and Developing Economy,13374.44,50.878
COM,Comoros,Sub-Saharan Africa,Very High,14.88,23.77,62.6,46.02,57.34,84.45,14.63,8.36,7.44,7.29,32.1,27.3,37.7,15.2,47.1,0.0,35.3,36.3,35.7,18.6,41.7,44.5,37.3,0.1,Emerging Market and Developing Economy,2851.13,0.897
CPV,Cape Verde,Sub-Saharan Africa,Very High,17.73,37.23,47.61,29.35,40.65,72.84,18.02,11.52,10.51,10.39,32.8,30.4,26.5,35.5,59.5,0.0,34.5,14.3,93.7,20.7,39.5,35.1,16.7,20.9,Emerging Market and Developing Economy,6603.68,0.557
CRI,Costa Rica,Latin America & Caribbean,Very High,17.25,43.49,39.67,20.03,30.08,68.89,17.37,16.56,17.16,17.0,52.5,60.5,56.2,66.1,53.8,64.8,47.2,70.1,35.4,10.8,54.8,33.6,19.4,9.7,Emerging Market and Developing Economy,18267.96,5.129
CYP,Cyprus,Eastern Europe,Very Low,2.99,8.42,35.57,15.15,24.4,67.16,2.87,2.53,2.76,2.68,64.8,81.5,73.1,93.9,69.4,77.5,53.7,56.5,38.6,20.2,63.1,91.5,27.7,50.0,Advanced Economy,36971.0,0.886
CZE,Czech Republic,Eastern Europe,Very Low,3.0,10.77,27.89,14.77,20.83,48.08,2.99,3.1,3.52,3.37,71.0,68.3,58.8,76.4,76.4,89.5,72.9,85.7,26.7,,76.3,100.0,58.7,60.8,Advanced Economy,38120.24,10.694
DEU,Germany,Global West,Very Low,2.63,11.52,22.81,14.98,16.08,37.36,2.43,2.42,3.09,2.95,77.2,89.6,81.1,99.0,90.7,97.9,68.9,88.8,39.7,14.0,71.5,96.0,61.9,97.0,Major Advanced Economy,50682.06,83.151
DJI,Djibouti,Sub-Saharan Africa,Very High,16.23,26.79,60.6,37.81,59.59,84.39,16.46,13.9,9.99,10.3,28.1,20.1,21.1,18.3,46.2,0.0,33.4,23.0,73.9,6.2,40.1,55.5,15.7,0.0,Emerging Market and Developing Economy,4799.94,1.109
DNK,Denmark,Global West,Very Low,2.74,11.85,23.12,14.91,15.31,39.13,2.65,2.68,2.99,2.89,82.5,91.7,85.5,97.4,100.0,99.8,76.4,81.7,30.2,13.2,95.0,100.0,73.0,100.0,Advanced Economy,54665.18,5.812
DOM,Dominican Republic,Latin America & Caribbean,Very High,11.57,24.85,46.57,24.03,37.46,78.23,11.72,10.77,11.34,10.96,46.3,36.1,37.4,38.9,30.0,5.7,53.2,81.6,26.6,21.8,56.1,79.3,24.2,5.8,Emerging Market and Developing Economy,17769.75,10.461
DZA,Algeria,Greater Middle East,Medium,7.55,16.51,45.75,20.97,39.3,76.97,7.66,7.54,7.76,7.36,44.8,50.4,45.3,53.2,38.9,91.6,41.0,39.0,24.0,8.1,52.5,61.7,44.8,33.1,Emerging Market and Developing Economy,10445.13,44.227
ECU,Ecuador,Latin America & Caribbean,High,8.42,17.96,46.88,25.16,39.53,75.96,8.48,8.1,7.66,7.53,51.0,50.2,48.7,50.2,63.0,53.6,51.5,77.3,38.3,13.5,60.2,28.4,29.2,0.0,Emerging Market and Developing Economy,10044.57,17.511
EGY,Egypt,Greater Middle East,Very Low,1.78,3.72,47.98,22.01,39.54,82.39,1.84,1.9,2.3,2.29,43.3,33.8,35.3,36.6,13.5,16.3,49.7,50.6,62.5,12.1,55.0,56.3,53.0,42.0,Emerging Market and Developing Economy,12033.04,101.618
ERI,Eritrea,Sub-Saharan Africa,Medium,6.77,9.65,70.17,61.46,59.53,89.51,6.94,5.62,6.32,6.35,30.4,15.5,22.1,6.3,38.3,0.0,40.4,33.7,97.1,9.0,43.4,57.1,22.3,0.0,Emerging Market and Developing Economy,1725.91,3.546
ESP,Spain,Global West,Low,3.61,11.74,30.77,16.07,18.82,57.42,3.46,2.8,3.23,3.05,74.3,86.8,80.2,96.8,71.3,89.0,66.0,87.6,24.4,17.9,71.2,100.0,36.2,91.5,Advanced Economy,36086.1,46.492
EST,Estonia,Eastern Europe,Very Low,2.03,6.52,31.11,16.44,21.68,55.21,2.04,2.25,2.45,2.36,65.3,73.0,80.3,61.9,87.4,74.4,60.1,87.0,22.4,16.4,59.0,96.6,51.8,69.6,Advanced Economy,35035.62,1.325
ETH,Ethiopia,Sub-Saharan Africa,High,7.82,11.68,66.93,56.77,57.49,86.52,7.79,7.15,7.45,7.04,34.4,25.2,38.0,10.9,35.8,0.0,40.6,72.2,42.2,,26.1,23.6,53.3,0.0,Emerging Market and Developing Economy,2622.48,98.131
FIN,Finland,Global West,Very Low,1.96,8.22,23.8,15.66,15.93,39.81,1.94,2.06,2.25,2.21,78.9,99.3,98.8,100.0,100.0,97.7,65.3,75.5,20.8,12.8,77.0,93.1,52.4,100.0,Advanced Economy,46673.32,5.527
FJI,Fiji,Asia-Pacific,Very High,16.0,34.63,46.21,21.98,40.4,76.24,17.83,16.58,13.5,13.15,34.4,34.7,30.0,34.6,77.0,40.0,34.2,25.1,38.1,59.7,36.9,53.2,11.1,3.9,Emerging Market and Developing Economy,10572.58,0.9
FRA,France,Global West,Very Low,2.47,9.62,25.66,16.61,16.22,44.14,2.37,2.34,2.73,2.62,80.0,91.5,88.1,96.2,84.0,94.8,72.3,88.3,36.1,12.1,81.9,100.0,65.2,88.0,Major Advanced Economy,43002.82,64.993
GAB,Gabon,Sub-Saharan Africa,Medium,6.73,13.0,51.74,32.07,47.28,75.88,6.74,6.52,6.14,6.04,45.8,27.9,28.2,27.6,54.1,0.0,57.8,86.0,44.7,7.3,63.8,90.2,20.6,0.0,Emerging Market and Developing Economy,14998.69,2.108
GBR,United Kingdom,Global West,Low,3.46,12.58,27.53,16.42,19.09,47.07,3.3,3.31,3.6,3.54,81.3,91.7,84.7,100.0,94.6,92.9,74.3,88.0,28.3,8.8,90.0,100.0,54.3,98.5,Major Advanced Economy,41899.45,67.255
GEO,Georgia,Former Soviet States,Medium,5.72,14.58,39.23,22.56,31.36,63.77,5.48,5.47,6.64,6.27,41.3,38.7,31.1,51.6,49.9,0.0,43.1,46.2,78.0,4.4,50.1,0.9,16.9,46.6,Emerging Market and Developing Economy,14325.76,3.704
GHA,Ghana,Sub-Saharan Africa,High,9.37,16.38,57.18,42.64,49.75,79.15,9.41,8.43,8.69,8.39,27.6,20.1,18.0,20.8,55.3,0.0,32.6,58.9,15.4,9.0,29.6,31.5,41.0,0.0,Emerging Market and Developing Economy,5398.76,30.779
GIN,Guinea,Sub-Saharan Africa,High,8.62,12.7,67.88,51.48,63.34,88.82,8.68,7.99,8.42,8.2,26.4,18.6,24.7,11.2,32.9,2.5,31.5,59.9,11.5,14.4,26.8,30.0,35.0,0.0,Emerging Market and Developing Economy,2379.96,13.967
GMB,Gambia,Sub-Saharan Africa,Very High,12.44,19.7,63.14,43.66,62.44,83.32,12.06,10.92,11.99,12.07,27.9,21.4,23.9,19.1,37.1,0.0,32.1,32.6,41.1,10.6,35.8,53.9,36.1,0.1,Emerging Market and Developing Economy,2118.19,2.419
GNB,Guinea-Bissau,Sub-Saharan Africa,Very High,13.32,18.86,70.64,60.23,62.26,89.43,13.32,13.4,13.5,13.56,29.1,15.1,22.1,6.7,28.5,0.0,38.4,72.2,22.1,5.2,33.6,56.1,27.5,0.0,Emerging Market and Developing Economy,2213.96,1.815
GNQ,Equatorial Guinea,Sub-Saharan Africa,Medium,7.26,12.77,56.83,40.48,43.64,86.37,7.48,5.13,4.56,4.46,38.1,27.6,24.6,33.1,40.1,0.0,45.1,66.0,33.7,14.3,46.1,76.4,28.1,1.2,Emerging Market and Developing Economy,16823.43,1.406
GRC,Greece,Eastern Europe,Medium,7.25,22.89,31.66,17.15,17.04,60.79,6.89,6.56,7.11,6.7,69.1,80.6,67.5,98.2,69.4,83.0,61.4,72.6,43.9,15.7,66.5,78.9,52.6,81.7,Advanced Economy,27478.68,10.699
GRD,Grenada,Latin America & Caribbean,Very Low,0.97,2.21,43.8,26.83,35.67,68.9,1.01,1.39,1.44,1.42,43.1,46.3,42.9,47.0,41.9,78.8,40.9,31.5,43.6,15.8,59.0,40.0,28.9,0.9,Emerging Market and Developing Economy,15566.97,0.109
GTM,Guatemala,Latin America & Caribbean,Very High,20.09,36.52,55.02,33.09,46.76,85.21,20.69,20.6,20.46,19.88,31.8,30.8,34.3,28.2,30.6,16.6,32.5,41.3,19.5,15.4,36.7,44.8,28.7,6.8,Emerging Market and Developing Economy,7820.91,17.971
GUY,Guyana,Latin America & Caribbean,Very High,22.73,44.92,50.6,27.13,47.13,77.55,22.87,23.23,11.65,11.39,35.9,33.5,31.9,35.3,24.9,44.2,37.5,51.0,52.3,7.7,38.2,28.6,40.2,0.0,Emerging Market and Developing Economy,16423.3,0.787
HND,Honduras,Latin America & Caribbean,Very High,11.02,20.25,54.43,32.11,46.45,84.74,11.39,10.19,10.82,10.68,37.8,33.4,35.4,31.8,20.7,40.3,40.7,59.9,21.2,17.6,43.1,60.9,27.5,3.1,Emerging Market and Developing Economy,5239.21,9.942
HRV,Croatia,Eastern Europe,Low,4.13,12.11,34.14,17.06,22.46,62.91,3.96,3.59,4.21,3.97,63.1,61.2,50.8,70.2,75.1,80.0,64.3,82.6,40.3,11.8,70.0,90.8,65.4,51.7,Emerging Market and Developing Economy,26188.45,4.045
HTI,Haiti,Latin America & Caribbean,Very High,14.62,21.43,68.23,51.15,63.15,90.4,16.34,11.86,11.89,11.68,27.0,21.8,31.1,14.0,12.1,0.9,30.5,34.5,26.2,16.7,37.0,23.8,31.4,0.0,Emerging Market and Developing Economy,1634.87,11.403
HUN,Hungary,Eastern Europe,Low,5.07,15.24,33.28,16.01,25.19,58.65,4.94,5.01,5.55,5.32,63.7,54.1,42.8,62.2,68.2,89.2,70.0,82.0,28.2,,71.3,96.9,73.1,53.8,Emerging Market and Developing Economy,30684.67,9.753
IDN,Indonesia,Asia-Pacific,High,10.39,20.97,49.54,26.03,44.56,78.02,10.58,10.36,10.49,10.24,37.8,29.0,26.8,28.4,34.6,49.8,43.7,56.3,20.3,11.9,54.4,40.4,51.8,0.0,Emerging Market and Developing Economy,11679.35,269.603
IND,India,Southern Asia,Medium,6.62,12.51,52.94,32.08,48.6,78.15,6.77,6.83,7.0,6.64,27.6,16.3,13.4,19.4,21.0,16.1,35.2,33.7,33.8,16.9,45.0,37.1,34.7,2.2,Emerging Market and Developing Economy,5944.69,1381.59
IRL,Ireland,Global West,Low,4.5,16.68,26.96,15.74,17.64,47.49,4.37,4.06,4.56,4.6,72.8,94.2,94.0,97.4,82.7,81.7,58.6,65.8,27.4,9.1,66.6,100.0,47.3,89.7,Advanced Economy,84562.32,5.009
IRN,Islamic Republic of Iran,Greater Middle East,Low,5.03,10.96,45.85,19.78,34.53,83.24,4.92,4.28,4.87,4.73,48.0,48.3,49.2,53.6,27.4,19.0,47.8,38.4,88.8,13.8,55.0,80.8,33.8,3.7,Emerging Market and Developing Economy,11318.14,84.149
IRQ,Iraq,Greater Middle East,Medium,5.99,10.78,55.59,26.6,52.44,87.72,5.95,4.93,4.77,4.49,39.5,39.5,36.3,49.6,29.6,0.0,39.4,40.5,91.8,,31.6,14.1,37.4,19.5,Emerging Market and Developing Economy,9415.34,40.132
ISL,Iceland,Global West,Very Low,1.69,7.12,23.79,14.1,14.94,42.32,1.71,1.61,1.54,1.52,72.3,98.1,98.1,100.0,96.1,84.8,55.0,63.2,100.0,10.1,60.8,44.4,18.5,15.6,Advanced Economy,51544.03,0.364
ISR,Israel,Greater Middle East,Very Low,2.95,8.35,35.27,18.54,22.57,64.7,3.24,2.2,2.4,2.3,65.8,83.6,76.5,92.8,92.1,72.2,54.0,47.6,40.6,45.5,56.9,97.8,34.9,81.7,Advanced Economy,37015.73,9.226
ITA,Italy,Global West,Low,4.75,15.17,31.29,17.25,17.41,59.22,4.57,4.12,4.63,4.42,71.0,85.5,75.9,98.2,81.5,83.7,61.3,75.6,37.9,14.9,68.1,81.4,56.8,58.8,Major Advanced Economy,37904.74,60.287
JAM,Jamaica,Latin America & Caribbean,Very High,12.08,26.05,46.39,25.14,39.5,74.52,11.91,11.22,12.08,11.83,48.2,45.5,43.6,49.3,48.9,31.7,50.0,58.2,35.2,4.7,65.7,78.6,22.4,3.0,Emerging Market and Developing Economy,9670.08,2.725
JOR,Jordan,Greater Middle East,Low,4.13,9.18,45.04,23.57,43.28,68.27,4.08,4.41,4.76,4.58,53.4,58.6,58.0,62.6,46.7,43.1,49.9,32.2,78.9,,58.4,69.0,25.0,18.6,Emerging Market and Developing Economy,9467.27,10.209
JPN,Japan,Asia-Pacific,High,9.64,38.67,24.93,17.76,17.83,39.2,9.19,11.08,13.47,12.99,75.1,90.3,85.9,95.0,100.0,86.5,65.1,76.6,41.7,35.2,69.5,77.7,55.9,75.3,Major Advanced Economy,39391.14,125.758
KAZ,Kazakhstan,Former Soviet States,Low,3.58,9.54,37.54,17.09,28.92,66.62,3.56,3.5,3.74,3.56,44.7,40.8,32.0,55.1,52.8,2.2,47.3,41.6,68.4,,44.6,75.2,45.6,28.6,Emerging Market and Developing Economy,25155.19,18.872
KEN,Kenya,Sub-Saharan Africa,High,10.39,16.47,63.1,52.14,50.89,86.28,10.3,7.0,6.94,6.77,34.7,25.7,34.9,13.6,50.6,5.5,40.6,53.5,31.1,8.6,49.0,36.8,35.9,0.5,Emerging Market and Developing Economy,4724.02,48.693
KGZ,Kyrgyzstan,Former Soviet States,Medium,7.3,16.46,44.33,25.23,32.14,75.63,7.28,7.25,8.27,7.86,39.8,33.7,27.0,45.5,40.8,0.0,43.8,39.2,91.1,,42.5,18.1,52.4,0.2,Emerging Market and Developing Economy,4564.11,6.517
KHM,Cambodia,Asia-Pacific,Very High,15.76,26.8,58.82,38.94,50.57,86.94,15.13,16.07,16.92,16.58,33.6,30.5,30.1,34.2,35.0,0.0,35.6,60.1,19.0,11.3,30.9,45.4,59.0,0.0,Emerging Market and Developing Economy,4201.51,16.741
KIR,Kiribati,Asia-Pacific,Very High,14.94,26.05,57.36,39.27,50.04,82.77,14.64,15.42,1.76,1.78,37.7,22.9,29.2,16.3,37.0,0.0,47.5,82.1,,55.4,32.2,49.9,26.5,0.0,Emerging Market and Developing Economy,2010.93,0.119
KOR,Republic of Korea,Asia-Pacific,Very Low,3.14,11.32,27.74,13.52,20.29,49.41,3.08,3.82,4.8,4.59,66.5,81.4,71.7,90.7,89.4,96.7,56.6,62.6,32.2,12.6,62.6,100.0,51.7,76.8,Advanced Economy,41903.49,51.781
KWT,Kuwait,Greater Middle East,Low,4.48,12.43,36.01,13.04,24.63,70.36,4.49,3.39,3.46,3.28,53.6,57.3,55.0,67.4,56.8,0.0,51.2,66.0,48.4,14.9,49.7,81.7,44.9,43.1,Emerging Market and Developing Economy,39483.94,4.883
LAO,Lao People’s Democratic Rep.,Asia-Pacific,Low,4.47,8.02,55.76,33.26,51.23,82.79,4.53,5.3,5.69,5.59,34.8,27.2,27.8,26.5,34.7,18.7,39.9,69.7,16.6,,30.7,21.3,69.2,0.0,Emerging Market and Developing Economy,7777.53,7.266
LBN,Lebanon,Greater Middle East,Low,5.27,11.43,46.08,20.31,38.95,78.98,5.27,4.75,5.02,5.01,45.4,53.1,47.8,59.7,43.6,61.4,40.3,21.8,36.6,14.2,56.8,67.1,34.1,38.2,Emerging Market and Developing Economy,10938.59,6.825
LBR,Liberia,Sub-Saharan Africa,High,9.43,13.56,69.52,56.27,65.02,87.26,9.46,8.52,7.84,7.84,22.6,21.3,30.9,9.8,37.3,0.0,23.6,32.6,14.6,10.6,24.9,32.7,26.2,0.0,Emerging Market and Developing Economy,1452.9,4.694
LKA,Sri Lanka,Southern Asia,Medium,7.57,15.99,47.32,22.82,41.83,77.3,7.5,7.65,7.52,7.32,39.0,42.1,37.8,48.4,72.4,4.4,36.9,61.1,37.8,11.3,31.0,53.1,33.2,0.0,Emerging Market and Developing Economy,12406.39,21.937
LSO,Lesotho,Sub-Saharan Africa,Medium,6.71,11.16,60.17,44.48,54.23,81.79,6.89,8.2,7.03,6.84,28.0,11.8,15.3,7.2,25.0,0.0,38.8,22.5,47.3,,52.4,44.0,27.4,0.3,Emerging Market and Developing Economy,2730.68,2.062
LTU,Lithuania,Eastern Europe,Very Low,2.26,7.37,30.71,17.98,21.04,53.11,2.29,2.38,3.06,2.92,62.9,63.2,62.7,58.3,83.9,87.8,62.7,87.5,24.6,14.5,65.9,96.6,64.1,51.4,Advanced Economy,36522.78,2.769
LUX,Luxembourg,Global West,Very Low,2.5,9.56,26.18,12.4,20.03,46.1,2.36,2.16,2.55,2.43,82.3,92.6,87.2,98.6,96.1,96.2,75.4,85.5,34.3,,77.5,100.0,42.2,98.5,Advanced Economy,106787.7,0.626
LVA,Latvia,Eastern Europe,Very Low,2.99,8.81,33.9,18.6,23.48,59.63,2.93,2.9,3.43,3.31,61.6,58.0,54.8,59.0,78.4,61.4,64.0,86.7,21.4,7.3,67.7,94.8,62.8,90.7,Advanced Economy,28929.69,1.916
MAR,Morocco,Greater Middle East,Medium,5.82,12.14,47.91,24.7,40.0,79.02,5.83,6.13,6.87,6.45,42.3,33.3,27.0,40.8,28.9,39.6,48.3,67.4,40.8,16.7,48.7,80.5,38.9,5.4,Emerging Market and Developing Economy,7198.4,35.952
MDA,Republic of Moldova,Former Soviet States,Low,4.04,9.59,42.1,22.96,34.36,68.98,3.98,3.84,4.98,4.79,44.4,45.6,44.3,50.0,54.7,13.8,43.6,27.9,45.8,,52.2,76.1,50.8,9.0,Emerging Market and Developing Economy,12538.15,2.634
MDG,Madagascar,Sub-Saharan Africa,High,10.51,15.12,69.48,65.68,56.21,86.55,10.49,10.89,11.11,11.15,26.5,22.1,36.1,5.9,33.0,0.6,29.4,25.0,14.6,11.8,39.9,40.5,50.5,0.0,Emerging Market and Developing Economy,1558.32,27.578
MEX,Mexico,Latin America & Caribbean,Medium,5.97,14.09,42.39,20.96,32.3,73.91,6.01,5.88,6.25,5.97,52.6,47.5,40.8,52.8,45.7,74.3,55.9,72.9,32.5,12.8,65.2,71.4,38.8,31.6,Emerging Market and Developing Economy,17790.33,128.933
MKD,North Macedonia,Eastern Europe,Medium,5.81,14.48,40.12,18.88,31.25,70.23,5.81,5.59,6.12,5.87,55.4,43.6,26.5,61.1,46.7,72.1,63.2,62.1,42.3,,75.2,100.0,40.9,0.9,Emerging Market and Developing Economy,15713.57,2.079
MLI,Mali,Sub-Saharan Africa,Very High,10.76,15.68,68.65,49.9,67.34,88.7,10.73,9.61,8.68,8.39,29.4,19.5,29.2,8.2,32.5,0.0,36.0,59.6,23.4,,26.3,49.9,43.4,0.0,Emerging Market and Developing Economy,2290.43,19.667
MLT,Malta,Global West,Very Low,0.66,2.26,29.01,14.91,20.44,51.67,0.54,0.57,0.61,0.6,70.7,86.1,77.6,99.8,50.6,96.7,60.5,75.1,100.0,12.2,62.6,80.8,28.3,0.0,Advanced Economy,40762.86,0.502
MMR,Myanmar,Asia-Pacific,Medium,7.18,12.96,55.39,28.97,51.38,85.82,7.27,7.49,9.06,8.9,25.1,24.6,20.7,30.8,38.2,0.0,25.4,31.0,25.9,9.4,22.2,50.7,53.7,0.0,Emerging Market and Developing Economy,4899.65,53.199
MNG,Mongolia,Asia-Pacific,Very Low,2.97,6.89,43.15,28.4,35.62,65.43,3.0,2.46,3.08,3.08,32.2,27.6,17.4,43.1,33.2,0.0,35.3,73.1,41.7,,16.6,34.9,15.4,3.3,Emerging Market and Developing Economy,11597.92,3.355
MOZ,Mozambique,Sub-Saharan Africa,High,9.18,13.31,68.97,62.61,56.44,87.85,9.5,9.52,8.93,8.69,33.9,28.1,40.7,16.4,23.7,0.7,37.8,67.4,24.5,16.3,31.1,54.1,34.4,0.2,Emerging Market and Developing Economy,1210.15,31.993
MRT,Mauritania,Sub-Saharan Africa,High,7.85,12.55,62.51,38.87,61.51,87.15,7.72,8.53,8.19,7.95,27.7,20.0,22.4,13.6,55.8,12.5,32.8,19.2,97.2,7.8,32.6,49.2,39.7,0.0,Emerging Market and Developing Economy,5484.33,4.147
MUS,Mauritius,Sub-Saharan Africa,High,9.17,23.84,38.47,17.46,38.56,59.4,9.47,14.27,15.11,15.53,45.1,60.0,51.1,65.5,66.8,98.0,35.3,19.3,49.5,15.0,51.0,49.2,20.0,2.5,Emerging Market and Developing Economy,19601.26,1.267
MWI,Malawi,Sub-Saharan Africa,High,8.89,13.22,67.24,59.28,57.8,84.65,8.94,8.02,8.13,7.98,38.3,26.5,39.6,12.0,37.4,0.0,46.2,84.2,22.8,,34.2,53.1,39.0,0.0,Emerging Market and Developing Economy,941.595,20.873
MYS,Malaysia,Asia-Pacific,High,7.71,19.05,40.46,16.9,33.59,70.89,7.61,6.44,6.47,6.39,47.9,55.4,50.3,57.6,62.1,81.4,42.9,55.1,12.8,8.6,52.8,41.2,63.4,12.4,Emerging Market and Developing Economy,25815.75,32.998
NAM,Namibia,Sub-Saharan Africa,Medium,6.21,11.36,54.66,42.5,47.36,74.13,5.82,5.79,5.59,5.37,40.2,22.5,24.4,19.6,44.5,4.2,52.0,76.6,55.1,8.6,55.4,68.2,11.5,6.2,Emerging Market and Developing Economy,9022.96,2.53
NER,Niger,Sub-Saharan Africa,Very High,13.85,19.26,71.9,60.64,67.19,87.87,13.77,11.34,11.53,11.24,30.8,17.1,30.3,1.4,27.3,1.0,39.9,77.6,97.7,,12.5,0.9,33.6,0.0,Emerging Market and Developing Economy,1185.08,24.207
NGA,Nigeria,Sub-Saharan Africa,Very High,13.09,19.66,66.56,49.5,61.95,88.22,13.11,8.34,8.19,7.98,31.0,13.9,18.0,4.9,51.5,7.7,42.4,53.6,23.4,10.9,50.8,66.3,39.0,0.2,Emerging Market and Developing Economy,4792.36,206.14
NIC,Nicaragua,Latin America & Caribbean,Very High,14.67,25.67,57.15,32.0,56.18,83.26,13.78,13.99,14.88,14.62,39.2,40.2,41.7,42.8,34.5,11.4,38.6,59.6,20.1,12.3,38.0,80.2,24.1,0.0,Emerging Market and Developing Economy,5146.14,6.496
NLD,Netherlands,Global West,High,7.89,31.72,24.87,14.8,17.19,42.63,7.35,7.45,8.41,8.24,75.3,91.0,82.4,100.0,95.1,100.0,64.8,83.7,42.8,13.1,65.8,100.0,40.0,100.0,Advanced Economy,54021.85,17.281
NOR,Norway,Global West,Very Low,2.52,10.83,23.25,13.92,17.34,38.49,2.34,2.29,2.29,2.19,77.7,98.5,97.9,100.0,94.0,97.6,63.8,71.5,32.1,9.8,78.9,99.2,39.3,64.3,Advanced Economy,61358.71,5.389
NPL,Nepal,Southern Asia,Low,4.77,8.62,55.28,33.7,48.81,83.34,4.92,5.44,5.37,5.12,32.7,21.0,14.6,27.0,27.2,30.5,40.5,62.6,67.8,,23.7,44.4,45.8,0.0,Emerging Market and Developing Economy,3392.14,28.827
NZL,New Zealand,Global West,Low,5.11,17.73,28.81,16.16,21.7,48.57,4.67,4.71,4.42,4.55,71.3,88.0,97.4,80.4,75.5,68.0,60.2,84.0,28.2,5.4,61.5,87.4,57.5,79.9,Advanced Economy,38857.3,5.004
OMN,Oman,Greater Middle East,Very Low,2.76,6.7,41.18,22.49,34.48,66.58,2.74,2.69,2.72,2.64,38.5,43.4,36.4,58.3,37.0,0.0,35.2,28.2,67.0,24.5,32.0,60.0,50.6,13.4,Emerging Market and Developing Economy,28295.1,4.32
PAK,Pakistan,Southern Asia,Medium,6.68,11.74,56.89,33.13,52.73,84.81,7.08,6.11,7.11,6.96,33.1,14.6,9.9,17.4,23.0,31.1,45.3,46.1,80.9,7.6,50.6,58.8,35.1,0.1,Emerging Market and Developing Economy,4881.9,208.57
PAN,Panama,Latin America & Caribbean,High,7.96,18.03,44.13,23.85,36.29,72.25,7.7,7.28,7.43,7.26,47.3,50.4,56.0,43.5,57.5,42.0,45.2,60.4,33.1,9.1,50.3,66.1,25.6,23.1,Emerging Market and Developing Economy,28414.38,4.279
PER,Peru,Latin America & Caribbean,Medium,6.37,14.14,45.08,26.39,32.83,76.03,6.65,6.45,6.91,6.59,44.0,45.1,46.0,43.0,68.2,30.0,43.2,59.5,37.0,18.7,41.3,41.0,37.1,46.4,Emerging Market and Developing Economy,10895.05,33.494
PHL,Philippines,Asia-Pacific,Very High,20.96,42.3,49.55,28.97,39.32,80.37,20.69,25.14,27.69,26.7,38.4,34.1,30.4,39.0,48.0,17.4,41.4,56.6,31.9,12.3,42.8,68.4,44.1,0.7,Emerging Market and Developing Economy,8111.32,108.928
PNG,Papua New Guinea,Asia-Pacific,Very High,21.12,30.79,68.58,55.66,63.85,86.23,22.18,20.88,16.34,16.43,32.4,28.4,33.9,15.5,60.3,43.9,35.1,27.3,34.2,13.1,47.6,58.2,31.3,0.0,Emerging Market and Developing Economy,3652.65,8.781
POL,Poland,Eastern Europe,Very Low,3.04,9.45,32.14,15.34,22.27,58.82,2.97,2.94,3.35,3.2,60.9,58.9,44.7,71.7,65.3,91.1,62.3,89.0,27.1,8.0,65.4,89.6,57.4,60.9,Emerging Market and Developing Economy,31919.16,37.958
PRT,Portugal,Global West,Low,3.66,11.62,31.54,16.76,23.17,54.68,3.44,3.13,3.65,3.45,67.0,83.4,84.4,83.4,65.3,90.2,56.1,73.0,7.4,33.1,63.3,93.5,22.3,55.0,Advanced Economy,31344.39,10.261
PRY,Paraguay,Latin America & Caribbean,Low,3.38,7.04,47.99,24.04,40.79,79.15,3.32,3.35,3.71,3.48,46.4,46.8,47.0,47.5,51.2,35.0,46.2,62.8,20.2,,40.9,70.5,77.9,0.7,Emerging Market and Developing Economy,11828.4,7.253
QAT,Qatar,Greater Middle East,Very Low,0.31,0.91,34.33,8.32,30.08,64.58,0.31,0.36,0.09,0.08,37.1,56.9,48.6,66.5,59.2,60.2,23.9,41.3,0.0,6.4,12.1,64.4,26.6,70.0,Emerging Market and Developing Economy,86941.04,2.802
ROU,Romania,Eastern Europe,Medium,5.86,15.41,38.03,19.49,30.0,64.6,5.65,5.46,6.47,5.92,64.7,50.0,43.6,55.9,51.4,65.8,74.4,85.0,40.9,54.5,84.6,100.0,65.7,30.4,Emerging Market and Developing Economy,28515.48,19.404
RUS,Russian Federation,Former Soviet States,Low,3.55,9.59,37.04,18.43,27.8,64.88,3.52,3.42,3.78,3.58,50.5,53.0,54.1,55.4,72.2,3.2,48.8,54.1,28.6,4.3,59.9,81.0,60.5,18.5,Emerging Market and Developing Economy,25916.48,146.812
RWA,Rwanda,Sub-Saharan Africa,Medium,7.56,12.3,61.5,52.28,52.38,79.85,7.45,7.1,7.35,7.09,33.8,24.4,30.9,16.9,45.2,0.0,40.0,57.4,28.4,,35.9,50.5,39.4,0.0,Emerging Market and Developing Economy,2263.53,12.665
SAU,Saudi Arabia,Greater Middle East,Very Low,1.04,2.89,36.07,13.62,26.57,68.03,1.04,1.25,1.21,1.14,44.0,47.2,37.4,59.3,35.4,61.4,41.8,38.8,96.9,18.5,37.5,34.7,64.3,11.8,Emerging Market and Developing Economy,43777.35,34.764
SDN,Sudan,Greater Middle East,High,8.45,13.13,64.39,45.14,56.21,91.82,8.52,9.41,7.97,7.99,34.8,20.8,17.6,22.3,7.1,53.8,44.1,46.6,59.9,9.1,52.8,64.8,24.7,0.0,Emerging Market and Developing Economy,3547.18,44.345
SEN,Senegal,Sub-Saharan Africa,High,9.74,16.51,58.97,44.37,54.45,78.09,9.82,10.51,10.86,10.38,30.7,20.4,25.4,13.1,47.7,0.9,37.6,68.7,25.8,12.8,30.3,49.5,38.6,0.5,Emerging Market and Developing Economy,3276.07,16.771
SGP,Singapore,Asia-Pacific,Very Low,2.57,8.87,28.97,11.29,21.6,54.03,2.51,2.31,2.36,2.27,58.1,85.0,76.9,93.2,85.4,99.6,40.2,20.9,18.4,71.4,40.2,79.5,19.7,100.0,Advanced Economy,90447.36,5.77
SLB,Solomon Islands,Asia-Pacific,Very High,24.25,40.04,60.56,45.75,54.73,81.21,29.36,23.29,18.77,19.14,26.7,20.4,27.0,14.0,25.5,0.0,30.9,15.3,25.5,31.8,45.0,57.5,8.6,0.0,Emerging Market and Developing Economy,2310.38,0.655
SLE,Sierra Leone,Sub-Saharan Africa,High,9.44,13.69,68.99,55.8,65.6,85.57,9.61,11.49,10.45,10.21,25.7,19.1,25.1,11.5,37.4,0.0,30.2,52.9,9.6,18.7,24.9,40.1,42.7,0.0,Emerging Market and Developing Economy,1618.58,7.984
SLV,El Salvador,Latin America & Caribbean,Very High,15.33,31.69,48.39,24.67,42.44,78.05,15.11,15.95,16.74,16.05,43.1,42.5,42.6,41.6,35.5,55.5,43.5,35.8,33.5,5.5,62.8,86.3,23.9,0.1,Emerging Market and Developing Economy,7947.99,6.486
SRB,Serbia,Eastern Europe,Low,5.25,13.41,39.17,22.01,27.71,67.8,5.17,6.68,7.23,7.12,55.2,47.8,33.6,65.5,51.1,44.7,60.2,57.4,45.8,,68.1,89.0,69.9,1.7,Emerging Market and Developing Economy,17824.23,6.936
SUR,Suriname,Latin America & Caribbean,Medium,7.4,15.41,48.04,28.66,42.5,72.96,7.36,7.2,8.48,8.44,45.2,36.6,37.4,39.3,43.2,0.0,50.9,63.6,51.3,16.8,52.8,82.4,59.4,0.0,Emerging Market and Developing Economy,13817.38,0.604
SVK,Slovakia,Eastern Europe,Low,3.37,10.1,33.33,14.54,24.66,60.79,3.2,3.11,3.56,3.39,68.3,64.3,56.2,71.8,69.2,80.6,70.9,85.0,32.1,,71.9,100.0,68.8,43.7,Advanced Economy,30448.59,5.458
SVN,Slovenia,Eastern Europe,Low,3.41,11.39,29.91,14.72,19.27,55.73,3.34,3.23,3.62,3.41,72.0,68.9,60.9,74.7,88.1,83.8,74.1,86.4,37.1,,75.2,90.0,47.0,89.1,Advanced Economy,36429.8,2.069
SWE,Sweden,Global West,Very Low,2.2,8.82,24.96,15.6,18.08,41.19,2.2,2.19,2.19,2.12,78.7,98.4,98.2,98.5,98.0,99.8,65.6,72.5,22.4,11.6,77.2,100.0,63.6,100.0,Advanced Economy,49646.44,10.51
SWZ,Swaziland,Sub-Saharan Africa,Medium,6.42,11.12,57.72,41.73,48.38,83.05,6.49,5.85,7.64,7.52,33.8,17.6,21.1,12.6,40.2,0.0,44.6,38.4,24.0,,56.9,60.5,41.1,5.7,Emerging Market and Developing Economy,8472.2,1.127
SYC,Seychelles,Sub-Saharan Africa,Low,5.31,12.53,42.39,18.07,41.97,67.13,5.17,4.59,2.56,2.55,58.2,50.8,53.6,51.4,68.6,0.0,63.1,78.9,84.3,18.1,70.7,86.3,8.8,1.6,Emerging Market and Developing Economy,24964.86,0.097
TCD,Chad,Sub-Saharan Africa,Very High,11.83,15.71,75.32,64.54,68.94,92.49,11.9,11.88,11.07,10.85,26.7,14.9,26.8,0.0,29.1,0.0,34.6,69.0,22.2,,17.4,54.7,38.7,0.0,Emerging Market and Developing Economy,1530.53,16.426
TGO,Togo,Sub-Saharan Africa,Very High,10.97,16.59,66.11,55.74,56.25,86.34,10.99,9.35,10.48,10.36,29.5,16.4,24.1,5.1,43.7,1.0,38.2,64.2,28.1,11.1,34.4,49.9,39.8,0.0,Emerging Market and Developing Economy,1551.15,8.285
THA,Thailand,Asia-Pacific,Medium,6.54,14.81,44.13,17.52,36.25,78.63,6.48,6.12,6.35,6.19,45.4,48.4,40.6,55.8,81.6,32.9,43.5,53.0,24.3,11.1,52.5,78.7,33.1,2.0,Emerging Market and Developing Economy,17098.17,69.8
TJK,Tajikistan,Former Soviet States,Medium,5.83,11.99,48.63,32.0,36.81,77.09,6.24,5.85,7.16,6.72,38.2,20.7,15.2,30.9,15.7,0.0,49.9,65.8,97.6,,36.9,29.8,45.5,2.2,Emerging Market and Developing Economy,3367.56,9.475
TKM,Turkmenistan,Former Soviet States,Low,5.66,12.25,46.22,27.29,38.18,73.18,5.69,6.2,6.65,6.44,43.9,45.0,42.0,47.3,43.5,59.2,43.1,39.7,96.2,,36.4,44.8,39.9,9.8,Emerging Market and Developing Economy,15809.78,5.944
TLS,Timor-Leste,Asia-Pacific,Very High,14.67,25.85,56.74,42.33,51.41,76.49,16.39,16.05,16.37,15.69,35.3,28.9,33.6,25.9,34.3,0.0,39.5,64.5,43.8,46.8,23.4,64.7,34.9,0.3,Emerging Market and Developing Economy,3814.07,1.318
TON,Tonga,Asia-Pacific,Very High,29.72,61.21,48.56,28.76,37.08,79.85,29.39,29.42,28.57,29.33,45.1,43.6,39.5,46.4,78.8,27.2,46.0,37.3,,44.7,56.6,65.5,34.1,0.3,Emerging Market and Developing Economy,5746.48,0.1
TTO,Trinidad and Tobago,Latin America & Caribbean,High,9.6,23.39,41.05,24.17,34.57,64.42,9.44,7.86,7.56,7.5,47.5,54.6,57.2,53.4,82.0,10.4,42.9,67.8,35.9,11.8,42.1,77.9,5.2,3.2,Emerging Market and Developing Economy,24564.12,1.403
TUN,Tunisia,Greater Middle East,Medium,5.7,13.06,43.67,17.73,37.82,75.46,5.74,5.41,5.62,5.4,46.7,49.2,48.7,52.6,36.5,39.6,45.0,37.1,22.5,18.3,60.2,84.2,24.3,43.0,Emerging Market and Developing Economy,9821.78,11.903
TUR,Turkey,Eastern Europe,Low,5.03,12.29,40.96,18.17,31.8,72.92,5.06,4.73,5.42,5.2,42.6,51.3,49.5,52.6,61.5,48.5,36.9,15.1,37.1,10.8,49.3,84.0,57.4,30.4,Emerging Market and Developing Economy,26767.71,84.174
TZA,United Rep. of Tanzania,Sub-Saharan Africa,High,8.96,14.01,63.95,56.78,51.68,83.38,9.23,9.01,7.96,7.65,31.1,27.4,35.8,18.4,43.6,0.0,33.5,70.7,28.3,13.0,18.7,40.1,44.0,1.4,Emerging Market and Developing Economy,2696.89,58.001
UGA,Uganda,Sub-Saharan Africa,High,8.63,12.82,67.29,62.55,51.34,87.98,8.71,6.9,6.66,6.52,35.6,25.7,32.6,17.6,41.9,4.9,42.2,81.4,24.4,,27.4,44.4,38.7,0.4,Emerging Market and Developing Economy,2445.8,41.222
UKR,Ukraine,Former Soviet States,Very Low,2.75,6.91,39.76,19.65,32.19,67.43,2.66,2.9,3.1,2.97,49.5,49.0,39.8,55.1,69.3,73.1,49.9,37.7,30.2,12.4,69.2,76.6,79.5,14.1,Emerging Market and Developing Economy,12024.9,41.536
URY,Uruguay,Latin America & Caribbean,Very High,12.54,36.29,34.56,19.23,30.6,53.85,12.52,3.36,4.03,4.03,49.1,67.7,67.7,70.8,62.3,48.9,36.7,25.0,21.0,6.5,55.5,36.4,71.4,2.1,Emerging Market and Developing Economy,20187.4,3.531
USA,United States of America,Global West,Low,3.9,12.99,30.06,15.97,21.67,52.54,3.76,3.42,3.9,3.76,69.3,82.8,84.2,86.1,75.9,48.3,60.3,67.5,26.8,6.6,71.4,100.0,71.9,58.9,Major Advanced Economy,59651.0,330.005
UZB,Uzbekistan,Former Soviet States,High,7.82,16.17,48.39,29.48,39.87,75.83,7.9,7.99,8.64,8.59,44.3,29.7,15.0,52.0,27.8,0.0,54.1,37.6,70.4,,65.9,70.9,47.5,0.0,Emerging Market and Developing Economy,6980.11,33.906
VEN,Bolivarian Rep. of Venezuela,Latin America & Caribbean,High,7.88,16.12,48.9,25.5,35.27,85.94,7.68,7.03,5.99,5.93,50.3,46.5,51.3,46.8,43.1,0.0,52.9,75.1,40.6,12.3,63.3,41.4,22.9,6.4,Emerging Market and Developing Economy,5259.27,27.951
VNM,Viet Nam,Asia-Pacific,High,10.3,22.02,46.76,23.88,39.78,76.63,10.31,11.35,12.84,12.53,33.4,40.6,32.0,52.7,47.8,22.8,28.5,33.3,16.4,14.6,30.7,45.7,50.3,0.3,Emerging Market and Developing Economy,10174.53,97.384
VUT,Vanuatu,Asia-Pacific,Very High,49.74,86.77,57.32,38.81,52.42,80.73,56.71,50.28,36.45,36.28,28.9,26.7,28.6,21.5,45.6,31.4,30.4,30.0,49.7,26.4,32.0,16.4,33.0,0.0,Emerging Market and Developing Economy,2506.18,0.3
ZAF,South Africa,Sub-Saharan Africa,Medium,6.37,13.37,47.65,30.75,39.38,72.82,6.4,5.75,5.62,5.58,43.1,31.1,28.9,24.6,58.8,77.0,51.0,63.2,20.6,7.8,62.8,69.7,54.4,21.7,Emerging Market and Developing Economy,11269.06,59.671
ZMB,Zambia,Sub-Saharan Africa,High,7.81,12.15,64.3,61.54,47.92,83.44,7.83,6.88,7.46,7.25,34.7,21.0,27.0,13.4,42.4,0.0,43.9,90.4,31.1,,26.5,22.5,36.6,4.2,Emerging Market and Developing Economy,3124.2,18.882
ZWE,Zimbabwe,Sub-Saharan Africa,High,9.32,14.62,63.76,54.37,48.15,88.76,9.21,10.23,9.96,10.06,37.0,22.5,27.2,16.8,32.6,11.0,46.7,87.0,23.1,,37.0,41.0,23.6,0.0,Emerging Market and Developing Economy,2443.71,15.189
